code,species
ameoys,American Oystercatcher
rosspo1,Roseate Spoonbill
rucspa1,Rufous-collared Sparrow
tromoc,Tropical Mockingbird
bichaw1,Bicolored Hawk
roahaw,Roadside Hawk
cotfly1,Common Tody-Flycatcher
blkpho,Black Phoebe
mawtyr1,Masked Water-Tyrant
socfly1,Social Flycatcher
trokin,Tropical Kingbird
srwswa1,Southern Rough-winged Swallow
whtswa1,White-thighed Swallow
bawswa1,Blue-and-white Swallow
orbspa1,Orange-billed Sparrow
flrtan1,Flame-rumped Tanager
bugtan,Blue-gray Tanager
bahtan1,Bay-headed Tanager
blbgra1,Blue-black Grassquit
tbsfin1,Thick-billed Seed-Finch
butsal1,Buff-throated Saltator
blwsal1,Black-winged Saltator
refspi1,Red-faced Spinetail
rumfly1,Rusty-margined Flycatcher
houwre4,Southern House Wren
ecuthr1,Ecuadorian Thrush
paltan1,Palm Tanager
banana,Bananaquit
compot1,Common Potoo
lstswi1,Lesser Swallow-tailed Swift
whnjac1,White-necked Jacobin
whwher1,White-whiskered Hermit
gretho1,Green Thorntail
grcbri1,Green-crowned Brilliant
crowoo1,Crowned Woodnymph
rtlhum,Rufous-tailed Hummingbird
andeme1,Andean Emerald
sunbit1,Sunbittern
categr1,Western Cattle-Egret
rufmot1,Rufous Motmot
spowoo1,Spotted Woodcreeper
stfgle1,Scaly-throated Foliage-gleaner
scptyr1,Scale-crested Pygmy-Tyrant
tortyr1,Torrent Tyrannulet
wewpew,Western Wood-Pewee
acafly,Acadian Flycatcher
watjac1,Wattled Jacana
galpen1,Galapagos Penguin
audshe3,Galapagos Shearwater
magfri,Magnificent Frigatebird
bfoboo,Blue-footed Booby
chotou1,Choco Toucan
slcfly1,Slaty-capped Flycatcher
blntan1,Blue-necked Tanager
eardov1,Eared Dove
spvear1,Sparkling Violetear
blkvul,Black Vulture
turvul,Turkey Vulture
chcant2,Chestnut-crowned Antpitta
azaspi1,Azara's Spinetail
grethr1,Great Thrush
goreup1,Golden-rumped Euphonia
hoosis1,Hooded Siskin
brvear1,Brown Violetear
fabbri1,Fawn-breasted Brilliant
putwoo1,Purple-throated Woodstar
bkmtou1,Yellow-throated Toucan
thbeup1,Thick-billed Euphonia
thbeup3,Thick-billed Euphonia (Thick-billed)
orbeup1,Orange-bellied Euphonia
goltan1,Golden Tanager
sittan1,Silver-throated Tanager
grehon1,Green Honeycreeper
whimbr3,Hudsonian Whimbrel
brnpel,Brown Pelican
palhor4,Pacific Hornero
lotmoc1,Long-tailed Mockingbird
saffin,Saffron Finch
pavpig2,Pale-vented Pigeon
whtdov,White-tipped Dove
paldov1,Pallid Dove
broher,Bronzy Hermit
pucfai1,Purple-crowned Fairy
bltman1,Black-throated Mango
lobsta1,Long-billed Starthroat
vibhum1,Violet-bellied Hummingbird
rehbar1,Red-headed Barbet
pamara1,Pale-mandibled Aracari
blcwoo1,Black-cheeked Woodpecker
goowoo1,Golden-olive Woodpecker
laufal1,Laughing Falcon
rempar,Red-masked Parakeet
greant1,Great Antshrike
yercac1,Yellow-rumped Cacique
scrbla1,Scrub Blackbird
whltan1,White-lined Tanager
wvspet1,Elliot's Storm-Petrel
flicor1,Flightless Cormorant
crgdov1,Croaking Ground Dove
chcswi1,Chestnut-collared Swift
whcswi,White-collared Swift
amahum1,Amazilia Hummingbird
bobfly1,Boat-billed Flycatcher
brbswa1,Brown-bellied Swallow
faswre1,Fasciated Wren
gobgro1,Golden Grosbeak
ducgra2,Dull-colored Grassquit
shshaw,Sharp-shinned Hawk
sobtyr1,Southern Beardless-Tyrannulet
plupig2,Plumbeous Pigeon
spehum1,Speckled Hummingbird
spehum3,Speckled Hummingbird (maculata)
lotsyl1,Long-tailed Sylph
boorat2,Peruvian Racket-tail
whthil3,Green-backed Hillstar
vifbri1,Violet-fronted Brilliant
sposan,Spotted Sandpiper
amakin1,Amazon Kingfisher
grnjay,Green Jay
swathr,Swainson's Thrush
brgeup1,Bronze-green Euphonia
ruboro1,Russet-backed Oropendola
scrcac1,Scarlet-rumped Cacique
bkbwar,Blackburnian Warbler
canwar,Canada Warbler
sumtan,Summer Tanager
goetan1,Golden-eared Tanager
musduc,Muscovy Duck
specha3,Speckled Chachalaca
greani1,Greater Ani
smbani,Smooth-billed Ani
ftpswi1,Fork-tailed Palm Swift
soulap1,Southern Lapwing
hoatzi1,Hoatzin
anhing,Anhinga
bafibi1,Bare-faced Ibis
bcnher,Black-crowned Night Heron
strher2,Striated Heron
gyhvul1,Greater Yellow-headed Vulture
tinhaw1,Tiny Hawk
rinkin1,Ringed Kingfisher
whfnun1,White-fronted Nunbird
swwpuf1,Swallow-winged Puffbird
sccbar1,Scarlet-crowned Barbet
gilbar1,Gilded Barbet
chewoo2,Chestnut Woodpecker
orwpar,Orange-winged Amazon
citwoo1,Cinnamon-throated Woodcreeper
strwoo2,Striped Woodcreeper
butwoo1,Buff-throated Woodcreeper
pitbec1,Pink-throated Becard
leskis1,Lesser Kiskadee
viojay1,Violaceous Jay
whwswa1,White-winged Swallow
whbswa2,White-banded Swallow
thlwre1,Thrush-like Wren
sibtan2,Silver-beaked Tanager
batpig1,Band-tailed Pigeon
whcela1,White-crested Elaenia
verfly,Vermilion Flycatcher
stbtyr1,Streak-throated Bush-Tyrant
yebbru2,Yellow-breasted Brushfinch
shicow,Shiny Cowbird
sltred,Slate-throated Redstart
ructan3,Rufous-chested Tanager
swatan1,Swallow Tanager
cincon1,Cinereous Conebill
rudpig,Ruddy Pigeon
blhpar1,Blue-headed Parrot
chotyr1,Choco Tyrannulet
gohtan1,Golden-hooded Tanager
yebsee1,Yellow-bellied Seedeater
tabher1,Tawny-bellied Hermit
vitsyl1,Violet-tailed Sylph
swtkit,Swallow-tailed Kite
pbmtou1,Plate-billed Mountain-Toucan
uniant2,Uniform Antshrike
sthant1,Streak-headed Antbird
lifgle1,Lineated Foliage-gleaner
gobfly1,Golden-bellied Flycatcher
gontan1,Golden-naped Tanager
megtan1,Metallic-green Tanager
flftan1,Flame-faced Tanager
undtin1,Undulated Tinamou
squcuc1,Common Squirrel-Cuckoo
cowpar1,Cobalt-winged Parakeet
stcant4,Stripe-chested Antwren
whwbec1,White-winged Becard
yebfly4,Olive-faced Flatbill
yectyr1,Yellow-crowned Tyrannulet
pirfly1,Piratic Flycatcher
creoro1,Crested Oropendola
yebdac1,Yellow-bellied Dacnis
cbsfin,Chestnut-bellied Seed-Finch
pubwhi1,Purple-bibbed Whitetip
brbmot1,Broad-billed Motmot
esmant1,Esmeraldas Antbird
plbwoo1,Plain-brown Woodcreeper
webwoo1,Wedge-billed Woodcreeper
baywre1,Bay Wren
gbwwre1,Gray-breasted Wood-Wren
sponit2,Speckled Nightingale-Thrush
ytbtan1,Yellow-throated Chlorospingus
burwar1,Buff-rumped Warbler
gobwar4,Choco Warbler
ocbtan1,Ochre-breasted Tanager
rocpig,Rock Pigeon
chithr1,Chiguanco Thrush
toubar1,Toucan Barbet
spitap2,Spillmann's Tapaculo
peatre1,Pearled Treerunner
gabfru1,Green-and-black Fruiteater
cinfly2,Cinnamon Flycatcher
whttyr1,White-tailed Tyrannulet
brcvir1,Brown-capped Vireo
turjay1,Turquoise Jay
mouwre1,Mountain Wren
pltwre1,Plain-tailed Wren
dubtan1,Dusky Chlorospingus
ccbfin,Chestnut-capped Brushfinch
wwbfin1,White-winged Brushfinch
rucwar1,Russet-crowned Warbler
bwmtan1,Blue-winged Mountain Tanager
blttra1,Black-tailed Trainbearer
neocor,Neotropic Cormorant
ruhcha1,Rufous-headed Chachalaca
ecgdov1,Ecuadorian Ground Dove
blchum1,Blue-chested Hummingbird
pepowl1,Peruvian Pygmy-Owl
bucmot3,Whooping Motmot
pacpar2,Pacific Parrotlet
whbman1,White-bearded Manakin
mastit1,Masked Tityra
strfly1,Streaked Flycatcher
chivir1,Chivi Vireo
trogna2,White-browed Gnatcatcher
yetori1,Yellow-tailed Oriole
giacow,Giant Cowbird
bkfdac1,Yellow-tufted Dacnis
varsee3,Variable Seedeater
crmwoo2,Crimson-mantled Woodpecker
monwoo1,Montane Woodcreeper
bestan1,Beryl-spangled Tanager
oilbir1,Oilbird
barhaw1,Barred Hawk
buwsta1,Buff-winged Starfrontlet
babwoo2,Bar-bellied Woodpecker
blatap1,Blackish Tapaculo
strtuf1,Streaked Tuftedcheek
rhptyr1,Rufous-headed Pygmy-Tyrant
tartyr1,Tawny-rumped Tyrannulet
rufwre1,Rufous Wren
sthbrf8,Gray-browed Brushfinch
spered1,Spectacled Redstart
blchem1,Black-capped Hemispingus
homtan1,Hooded Mountain Tanager
grgtan1,Grass-green Tanager
goctan4,Golden-crowned Tanager
plushc1,Plushcap
boorat1,White-booted Racket-tail
brwhaw,Broad-winged Hawk
ruwbar1,Rusty-winged Barbtail
sieela3,Sierran Elaenia
pumtan2,Purplish-mantled Tanager
masflo1,Masked Flowerpiercer
souemt1,Southern Emerald-Toucanet
grekis,Great Kiskadee
hobkit,Hook-billed Kite
osprey,Osprey
baytan3,Blue-and-yellow Tanager
blkflo1,Black Flowerpiercer
ruther1,Rufescent Tiger-Heron
blfnun1,Black-fronted Nunbird
blbwoo1,Black-banded Woodcreeper
crrtou1,Crimson-rumped Toucanet
smcpew1,Smoke-colored Pewee
yecchl1,Yellow-collared Chlorophonia
blctan1,Black-capped Tanager
whsflo1,White-sided Flowerpiercer
wepdov1,West Peruvian Dove
grbani,Groove-billed Ani
perboo1,Peruvian Booby
rebhaw2,Variable Hawk
lesvio1,Lesser Violetear
whctap1,White-crowned Tapaculo
goftyr1,Golden-faced Tyrannulet
cargra1,Carib Grackle
hoapuf1,Hoary Puffleg
broinc2,Brown Inca
vepcor1,Velvet-purple Coronet
clopyo1,Cloud-forest Pygmy-Owl
yevwoo1,Yellow-vented Woodpecker
gowman1,Golden-winged Manakin
clwman1,Club-winged Manakin
barbec1,Barred Becard
boptyr1,Bronze-olive Pygmy-Tyrant
glgtan1,Glistening-green Tanager
indflo1,Indigo Flowerpiercer
ruftho1,Rufous-fronted Thornbird
grbbec1,Green-backed Becard
yebela1,Yellow-bellied Elaenia
puteup1,Purple-throated Euphonia
strsal1,Streaked Saltator
snoegr,Snowy Egret
greegr,Great Egret
cocher1,Cocoi Heron
gybmar,Gray-breasted Martin
gagwar2,Gray-and-gold Warbler
burowl,Burrowing Owl
whthil2,Rufous-gaped Hillstar
empbri1,Empress Brilliant
mastro1,Masked Trogon
perfal,Peregrine Falcon
andcot1,Andean Cock-of-the-rock
ornfly1,Ornate Flycatcher
tropar,Tropical Parula
thswar1,Three-striped Warbler
whiibi,White Ibis
moucac1,Mountain Cacique
blcwar2,Black-crested Warbler
rugdov,Ruddy Ground Dove
blbthr1,Black-billed Thrush
rusflo1,Rusty Flowerpiercer
grasal3,Bluish-gray Saltator
hrshaw,Harris's Hawk
shisun1,Shining Sunbeam
mouvel1,Mountain Velvetbreast
bcbeag1,Black-chested Buzzard-Eagle
reccot1,Red-crested Cotinga
blehem1,Black-eared Hemispingus
sbmtan1,Scarlet-bellied Mountain Tanager
grepot1,Great Potoo
purgal2,Purple Gallinule
amekes,American Kestrel
scrtan1,Scrub Tanager
fragul,Franklin's Gull
lavgul1,Lava Gull
galfly1,Galapagos Flycatcher
manwar1,Mangrove Yellow Warbler
swtgul1,Swallow-tailed Gull
rebtro,Red-billed Tropicbird
nazboo1,Nazca Booby
galhaw1,Galapagos Hawk
puchum1,Purple-chested Hummingbird
plukit1,Plumbeous Kite
gryhaw3,Gray-lined Hawk
whttro1,White-tailed Trogon
orfbar1,Orange-fronted Barbet
whfant2,White-flanked Antwren
plaxen2,Northern Plain-Xenops
cinbec1,Cinnamon Becard
ducfly,Dusky-capped Flycatcher
orceup1,Orange-crowned Euphonia
whstan1,White-shouldered Tanager
tactan1,Tawny-crested Tanager
gagtan1,Gray-and-gold Tanager
scbtan2,Scarlet-browed Tanager
tyrmet1,Tyrian Metaltail
slccoo1,Slate-colored Coot
pibgre,Pied-billed Grebe
tuttyr1,Tufted Tit-Tyrant
tawant3,Tawny Antpitta
partap2,Paramo Tapaculo
chwcin1,Chestnut-winged Cinclodes
whbspi2,White-browed Spinetail
sedwre,Grass Wren
pnbfin1,Pale-naped Brushfinch
bbbtan1,Black-backed Bush Tanager
whcpin,White-cheeked Pintail
comgal1,Common Gallinule
smgfin1,Small Ground-Finch
lagfin1,Large Ground-Finch
megfin1,Medium Ground-Finch
butpig1,Blue-throated Piping-Guan
ampkin1,American Pygmy Kingfisher
bkcdon,Black-capped Donacobius
reccar4,Red-capped Cardinal
gorwoo2,Gorgeted Woodstar
higmot1,Andean Motmot
rebbla1,Red-breasted Meadowlark
gochon2,Golden-collared Honeycreeper
spetea3,Andean Teal
andgul1,Andean Gull
stbcin1,Stout-billed Cinclodes
tildac1,Tit-like Dacnis
butcor1,Buff-tailed Coronet
stnfly1,Streak-necked Flycatcher
horscr1,Horned Screamer
bbwduc,Black-bellied Whistling-Duck
whtcra1,White-throated Crake
limpki,Limpkin
snakit,Snail Kite
grnkin,Green Kingfisher
scbwoo3,Scarlet-backed Woodpecker
colant2,Collared Antshrike
sthwoo1,Streak-headed Woodcreeper
tacpyt2,Fulvous-faced Scrub-Tyrant
baifly1,Baird's Flycatcher
sntkin1,Snowy-throated Kingbird
rubpep1,Rufous-browed Peppershrike
whtjay2,White-tailed Jay
crbfin1,Crimson-breasted Finch
brnnod,Brown Noddy
strher3,Lava Heron
crcwoo1,Crimson-crested Woodpecker
reevir1,Red-eyed Vireo
reevir3,Chivi Vireo (resident)
mactan1,Masked Crimson Tanager
savpuf1,Sapphire-vented Puffleg
undant1,Undulated Antpitta
scaant1,Scaled Antpitta
rbctyr1,Rufous-breasted Chat-Tyrant
plcsee1,Plain-colored Seedeater
fuwduc,Fulvous Whistling-Duck
buwtea,Blue-winged Teal
yebpin1,Yellow-billed Pintail
gycpar1,Gray-cheeked Parakeet
relpar9,Lilacine Amazon
grtgra,Great-tailed Grackle
heptan,Hepatic Tanager
virmet1,Viridian Metaltail
andcon1,Andean Condor
carcar1,Carunculated Caracara
mascan1,Many-striped Canastero
whcthi1,White-chinned Thistletail
bkbsht1,Black-billed Shrike-Tyrant
bbctyr1,Brown-backed Chat-Tyrant
gloflo1,Glossy Flowerpiercer
plsfin1,Plumbeous Sierra Finch
zelant1,Zeledon's Antbird
mouant1,Moustached Antpitta
slbcht2,Chestnut-bellied Chat-Tyrant
andsol1,Andean Solitaire
yebspa1,Yellow-browed Sparrow
labter1,Large-billed Tern
greibi1,Green Ibis
capher1,Capped Heron
libher,Little Blue Heron
slbkit1,Slender-billed Kite
fepowl,Ferruginous Pygmy-Owl
whejac1,White-eared Jacamar
brojac2,Brown Jacamar
letara1,Lettered Aracari
cheara1,Chestnut-eared Aracari
mabara1,Many-banded Aracari
whttou1,White-throated Toucan
yetwoo2,Yellow-tufted Woodpecker
crcwoo2,Cream-colored Woodpecker
chfmac1,Chestnut-fronted Macaw
scamac1,Scarlet Macaw
lobwoo1,Long-billed Woodcreeper
blttit1,Black-tailed Tityra
ivbara1,Ivory-billed Aracari
plwant1,Plain-winged Antshrike
mocant1,Mouse-colored Antshrike
blfant2,Black-faced Antbird
spacot1,Spangled Cotinga
banfru1,Bare-necked Fruitcrow
yemfly1,Yellow-margined Flatbill
sulfly1,Sulphury Flycatcher
gobeup1,Golden-bellied Euphonia
flctan1,Flame-crested Tanager
turtan1,Turquoise Tanager
partan1,Paradise Tanager
gagtan2,Green-and-gold Tanager
purhon1,Purple Honeycreeper
orheag1,Ornate Hawk-Eagle
gohque1,Golden-headed Quetzal
nartap2,Nariño Tapaculo
stctre1,Streak-capped Treehunter
fudtre1,Fulvous-dotted Treerunner
orbfru1,Orange-breasted Fruiteater
flafly2,Flavescent Flycatcher
blasol1,Black Solitaire
mobtan1,Moss-backed Tanager
bcmtan2,Black-chinned Mountain Tanager
ruttan1,Rufous-throated Tanager
brwpar1,Bronze-winged Parrot
lesgre1,Lesser Greenlet
cobtan1,Common Chlorospingus
bludac1,Blue Dacnis
yefgra1,Yellow-faced Grassquit
smbwoo1,Smoky-brown Woodpecker
bkpwar,Blackpoll Warbler
plaant1,Plain Antvireo
bffgle,Buff-fronted Foliage-gleaner
spobar1,Spotted Barbtail
slaspi1,Slaty Spinetail
scsvir1,Slaty-capped Shrike-Vireo
scbwre1,Scaly-breasted Wren
tribrf1,Choco Brushfinch
littin1,Little Tinamou
duspig2,Dusky Pigeon
strcuc1,Striped Cuckoo
grrswi1,Gray-rumped Swift
buttro1,Blue-tailed Trogon
gartro1,Gartered Violaceous Trogon
bkttro5,Choco Black-throated Trogon
lanmon1,Lanceolated Monklet
guawoo2,Guayaquil Woodpecker
linwoo1,Lineated Woodpecker
cinwoo1,Cinnamon Woodpecker
wesant1,Black-crowned Antshrike
rusant1,Russet Antshrike
chtant1,Checker-throated Stipplethroat
pacant,Pacific Antwren
dowant1,Dot-winged Antwren
chbant1,Chestnut-backed Antbird
nobwoo1,Northern Barred-Woodcreeper
strwoo5,Western Woodhaunter
putfru1,Purple-throated Fruitcrow
oncbec1,One-colored Becard
olsfly1,Olive-striped Flycatcher
bcptyr1,Black-capped Pygmy-Tyrant
bhtfly1,Black-headed Tody-Flycatcher
yemfly2,Yellow-winged Flatbill
brctyr,Brown-capped Tyrannulet
sohtyr1,Sooty-headed Tyrannulet
babwre1,Band-backed Wren
yebsis1,Yellow-bellied Siskin
duftan1,Dusky-faced Tanager
blwtan1,Blue-whiskered Tanager
sctdac1,Scarlet-thighed Dacnis
scbdac1,Scarlet-breasted Dacnis
guitan1,Guira Tanager
slcgro1,Slate-colored Grosbeak
andgua1,Andean Guan
tousun1,Tourmaline Sunangel
bbmtou1,Black-billed Mountain-Toucan
scnpar1,Scaly-naped Amazon
capcon1,Capped Conebill
capcon2,Capped Conebill (Blue-capped)
siwgua1,Sickle-winged Guan
watgua1,Wattled Guan
rebpar2,Red-billed Parrot
rubant1,Rufous-breasted Antthrush
compau,Common Pauraque
baffal1,Barred Forest-Falcon
lowumb1,Long-wattled Umbrellabird
cintin1,Cinereous Tinamou
retcar2,Red-throated Caracara
yehcar1,Yellow-headed Caracara
blhpar4,Black-headed Parrot
baymac,Blue-and-yellow Macaw
dutant2,Dusky-throated Antshrike
pltant1,Plain-throated Antwren
gryant1,Gray Antwren
perwaa1,Peruvian Warbling-Antbird
spbant6,Spot-backed Antbird
scbant3,Common Scale-backed Antbird
ocsant1,Ochre-striped Antpitta
thlant2,Thrush-like Antpitta
elewoo1,Elegant Woodcreeper
dwtman1,Dwarf Tyrant-Manakin
wibpip1,Wing-barred Piprites
dbptyr1,Double-banded Pygmy-Tyrant
brratt1,Bright-rumped Attila
gramou1,Grayish Mourner
whbant3,White-bellied Antpitta
lottap1,Long-tailed Tapaculo
shawre1,Sharpe's Wren
grfdov1,Gray-fronted Dove
whepar2,White-eyed Parakeet
ybtfly1,Yellow-browed Tody-Flycatcher
spigua1,Spix's Guan
stbher1,Straight-billed Hermit
dotkit1,Double-toothed Kite
chbtou1,Channel-billed Toucan
rinwoo1,Ringed Woodpecker
wavwoo5,Waved Woodpecker
ywcpar,Yellow-crowned Amazon
witman2,Wire-tailed Manakin
oprtan1,Opal-rumped Tanager
opctan1,Opal-crowned Tanager
bkfdac2,Black-faced Dacnis
bobher1,Boat-billed Heron
speowl1,Spectacled Owl
glteme1,Glittering-throated Emerald
blacar1,Black Caracara
magtan2,Magpie Tanager
rabtho1,Rainbow-bearded Thornbill
olcyel1,Olive-crowned Yellowthroat
torduc1,Torrent Duck
spbwoo1,Spot-breasted Woodpecker
orbtro3,Orange-backed Troupial
olipic1,Olivaceous Piculet
grcfly1,Gray-capped Flycatcher
whiwre1,Whiskered Wren
blsspa1,Black-striped Sparrow
buthil1,Blue-throated Hillstar
gresap1,Great Sapphirewing
bknsti,Black-necked Stilt
semplo,Semipalmated Plover
shbdow,Short-billed Dowitcher
grefla2,American Flamingo
moucar1,Mountain Caracara
cocfin3,Common Cactus-Finch
renpha,Red-necked Phalarope
broinc1,Bronzy Inca
brcfly1,Bran-colored Flycatcher
paefly1,Pale-edged Flycatcher
ructan4,Rufous-crested Tanager
yettan1,Yellow-throated Tanager
debflo1,Deep-blue Flowerpiercer
blmtho1,Blue-mantled Thornbill
rubsee2,Rufous-bellied Seedsnipe
rrbtyr1,Red-rumped Bush-Tyrant
paethr1,Pale-eyed Thrush
grbhaw1,Great Black Hawk
bawowl1,Black-and-white Owl
shtswi1,Short-tailed Swift
garkin1,Green-and-rufous Kingfisher
silant1,Silvered Antbird
cinatt1,Cinnamon Attila
wantat1,Wandering Tattler
rudtur,Ruddy Turnstone
galmoc1,Galapagos Mockingbird
matpar2,Maroon-tailed Parakeet
weseme1,Western Emerald
blhsap1,Blue-headed Sapphire
y01204,Mouse-colored Tyrannulet
bawsee1,Black-and-white Seedeater
orcpar2,Orange-cheeked Parrot
lowant1,Long-winged Antwren
blcman1,Blue-capped Manakin
ocbfly1,Ochre-bellied Flycatcher
whltyr1,White-lored Tyrannulet
ducfly2,Dusky-chested Flycatcher
lecgre2,Lemon-chested Greenlet
ducgre1,Dusky-capped Greenlet
yegvir,Yellow-green Vireo
whnrob1,White-necked Thrush
fubfla1,Fulvous-breasted Flatbill
sactan1,Saffron-crowned Tanager
ruscra1,Rufous-sided Crake
whiher1,Whistling Heron
duhpar,Dusky-headed Parakeet
aldfly,Alder Flycatcher
corwre1,Coraya Wren
sobcac1,Solitary Black Cacique
casoro2,Casqued Cacique
norwat,Northern Waterthrush
scatan,Scarlet Tanager
grbher3,Great Blue Heron
killde,Killdeer
lesyel,Lesser Yellowlegs
greyel,Greater Yellowlegs
leasan,Least Sandpiper
laugul,Laughing Gull
gryfin1,Grassland Yellow-Finch
relhon1,Red-legged Honeycreeper
webhum3,White-throated Daggerbill
colinc1,Collared Inca
whcdip1,White-capped Dipper
sungre1,Sungrebe
agaher1,Agami Heron
batfal1,Bat Falcon
lytnig1,Lyre-tailed Nightjar
shthaw,Short-tailed Hawk
swbhum1,Sword-billed Hummingbird
whbwoo6,White-bellied Woodstar
gorsun1,Gorgeted Sunangel
barpar1,Barred Parakeet
stbwoo1,Strong-billed Woodcreeper
scafru1,Scaled Fruiteater
fabtan1,Fawn-breasted Tanager
olsfly,Olive-sided Flycatcher
houspa,House Sparrow
yebcac1,Yellow-billed Cacique
ecuhil1,Ecuadorian Hillstar
brnowl,American Barn Owl
eawpew,Eastern Wood-Pewee
grefri,Great Frigatebird
father1,Fasciated Tiger-Heron
galpet,Galapagos Petrel
whttyr2,White-throated Tyrannulet
crocht1,Crowned Chat-Tyrant
suphem1,Superciliaried Hemispingus
bcmtan1,Black-chested Mountain Tanager
bubmot3,Buff-banded Mountain Tanager
blbcon1,Blue-backed Conebill
rubher,Rufous-breasted Hermit
blheag1,Black Hawk-Eagle
goctou1,Golden-collared Toucanet
rebmac2,Red-bellied Macaw
pluant1,Plumbeous Antbird
vefgra1,Velvet-fronted Grackle
chbcor1,Chestnut-breasted Coronet
gybmot1,Gray-breasted Mountain-Toucan
chbsee1,Chestnut-bellied Seedeater
lamtan1,Lacrimose Mountain Tanager
wrspet,Wedge-rumped Storm-Petrel
kelgul,Kelp Gull
triher,Tricolored Heron
tyrwoo1,Tyrannine Woodcreeper
gnbtro1,Green-backed Trogon
whbant6,White-browed Antbird
oliwoo1,Olivaceous Woodcreeper
shcfly1,Short-crested Flycatcher
wbwwre1,White-breasted Wood-Wren
wesfie1,Western Fire-eye
baceag2,Black-and-chestnut Eagle
whwtan1,White-winged Tanager
beagua1,Bearded Guan
litsun1,Little Sunangel
glopuf2,Glowing Puffleg
chutap2,Chusquea Tapaculo
whbtyr1,White-banded Tyrannulet
smbtyr2,Smoky Bush-Tyrant
citwar1,Citrine Warbler
blctan2,Blue-capped Tanager
babtan1,Blue-and-black Tanager
blhhem1,Black-headed Hemispingus
gyhbut2,Pink-billed Cnemoscopus
lesgol,Lesser Goldfinch
socfly2,Sooty-crowned Flycatcher
barswa,Barn Swallow
glbthr1,Glossy-black Thrush
shbbut1,Short-billed Chlorospingus
chamoc2,San Cristobal Mockingbird
yelwar1,Northern Yellow Warbler
cregua1,Crested Guan
stther2,Stripe-throated Hermit
zothaw,Zone-tailed Hawk
bucmot4,Amazonian Motmot
meapar,Mealy Amazon
chwhoo1,Chestnut-winged Hookbill
blctit1,Black-crowned Tityra
rubeup1,Rufous-bellied Euphonia
pubtho1,Purple-backed Thornbill
slabru1,Northern Slaty Brushfinch
rbwqua1,Rufous-breasted Wood-Quail
patbar1,Pale-tailed Barbthroat
bltbri1,Black-throated Brilliant
vihhum1,Violet-headed Hummingbird
gotsap1,Golden-tailed Sapphire
trsowl,Tropical Screech-Owl
blaant2,Black Antbird
lahfla2,Large-headed Flatbill
putsun1,Purple-throated Sunangel
raista1,Rainbow Starfrontlet
anpowl1,Andean Pygmy-Owl
equant1,Equatorial Antpitta
licspi5,Line-cheeked Spinetail
bltpuf1,Black-thighed Puffleg
gobpuf1,Golden-breasted Puffleg
redher1,Reddish Hermit
chhcra1,Chestnut-headed Crake
babowl1,Band-bellied Owl
amaumb1,Amazonian Umbrellabird
ycnher,Yellow-crowned Night Heron
bawbec6,Cryptic Becard
whtspa1,White-throated Spadebill
grttra1,Green-tailed Trainbearer
giaant1,Giant Antpitta
yebant1,Yellow-breasted Antpitta
grepuf1,Greenish Puffleg
creque1,Crested Quetzal
lebfly2,Lemon-browed Flycatcher
bluflo1,Bluish Flowerpiercer
wtqdov1,White-throated Quail-Dove
unitre1,Uniform Treehunter
ashtyr1,Ashy-headed Tyrannulet
blarai1,Blackish Rail
coffal1,Collared Forest-Falcon
plbant1,Plain-backed Antpitta
dabspi1,Dark-breasted Spinetail
olcfly1,Olive-chested Flycatcher
andduc1,Andean Duck
virrai1,Ecuadorian Rail
sora,Sora
subdor1,Subtropical Doradito
absfin1,Ash-breasted Sierra Finch
batsee1,Band-tailed Seedeater
mawqua1,Marbled Wood-Quail
blgdov1,Blue Ground Dove
ruqdov,Ruddy Quail-Dove
parswi1,Pale-rumped Swift
viotro3,Amazonian Violaceous Trogon
lafpic1,Lafresnaye's Piculet
dugant1,Dugand's Antwren
gryant2,Gray Antbird
whpant1,White-plumed Antbird
strman5,Striolated Manakin
gohman1,Golden-headed Manakin
secfly1,Sepia-capped Flycatcher
wettyr1,White-eyed Tody-Tyrant
gycfly1,Gray-crowned Flatbill
forela1,Forest Elaenia
gryela2,Amazonian Elaenia
slftyr1,Slender-footed Tyrannulet
lobgna5,Long-billed Gnatwren
bubgro2,Amazonian Grosbeak
yebtan2,Yellow-bellied Tanager
creowl1,Crested Owl
bkbowl1,Black-banded Owl
lobher,Long-billed Hermit
brwrai1,Brown Wood-Rail
whtswi1,White-tipped Swift
styowl1,Stygian Owl
subtyr1,Sulphur-bellied Tyrannulet
permea1,Peruvian Meadowlark
semsan,Semipalmated Sandpiper
trimun,Tricolored Munia
chtsee1,Chestnut-throated Seedeater
rcttyr1,Rufous-crowned Tody-Flycatcher
litcuc2,Little Cuckoo
wictho2,Wire-crested Thorntail
blteme1,Blue-tailed Emerald
olisis1,Olivaceous Siskin
recfin1,Red-crested Finch
robgro,Rose-breasted Grosbeak
shtnig1,Short-tailed Nighthawk
hareag1,Harpy Eagle
whcjac1,White-chinned Jacamar
pltcot1,Plum-throated Cotinga
grhkit1,Gray-headed Kite
mfbtyr1,Marble-faced Bristle-Tyrant
gretin1,Great Tinamou
bartin2,Bartlett's Tinamou
yeltyr1,Yellow Tyrannulet
royter1,Royal Tern
whttin1,White-throated Tinamou
fotwoo1,Fork-tailed Woodnymph
whlant2,White-lored Antpitta
lottyr1,Long-tailed Tyrant
btsfin1,Band-tailed Sierra Finch
warfin1,Green Warbler-Finch
woofin1,Woodpecker Finch
blflan1,Blue-fronted Lancebill
amewoo1,Amethyst Woodstar
letbar1,Lemon-throated Barbet
spotan1,Spotted Tanager
plcgrt1,Plain-capped Ground-Tyrant
scapig2,Scaled Pigeon
whcswi2,White-chested Swift
yeofly1,Yellow-olive Flatbill
brcmar1,Brown-chested Martin
rutjac1,Rufous-tailed Jacamar
spbwre2,Speckle-breasted Wren
masyel4,Black-lored Yellowthroat
brcfly4,Mouse-gray Flycatcher
cattyr,Cattle Tyrant
whtkit,White-tailed Kite
whrhaw1,White-rumped Hawk
strtre1,Striped Treehunter
linant1,Lined Antshrike
comduc3,Comb Duck
leagre,Least Grebe
baugua1,Baudo Guan
sapqud1,Purple Quail-Dove
pucwoo1,Purple-collared Woodstar
rofpar2,Rose-faced Parrot
blanig1,Blackish Nightjar
greher1,Green Hermit
grbher1,Great-billed Hermit
gycher1,Gray-chinned Hermit
cocjac2,Coppery-chested Jacamar
dusspi1,Dusky Spinetail
mastan1,Masked Tanager
colplo1,Collared Plover
solsan,Solitary Sandpiper
sander,Sanderling
yebcht1,Yellow-bellied Chat-Tyrant
galmar1,Galapagos Martin
powwoo1,Powerful Woodpecker
asctap1,Ash-colored Tapaculo
barfru1,Barred Fruiteater
spwant2,Spot-winged Antshrike
pygant1,Pygmy Antwren
blcbec1,Black-capped Becard
whifly1,Whiskered Flycatcher
olifla2,Western Olivaceous Flatbill
whveup1,White-vented Euphonia
yebtan1,Yellow-backed Tanager
rebscy1,Red-billed Scythebill
refboo,Red-footed Booby
goujew1,Gould's Jewelfront
napsab1,Napo Sabrewing
mashum1,Many-spotted Hummingbird
coltro1,Collared Trogon
blspuf1,Black-streaked Puffbird
ocbant1,Ochre-breasted Antpitta
mofgle1,Montane Foliage-gleaner
blrman1,Blue-rumped Manakin
fitfru1,Fiery-throated Fruiteater
blnchl1,Blue-naped Chlorophonia
banswa,Bank Swallow
giacon1,Giant Conebill
mouavo1,Mountain Avocetbill
chnant1,Chestnut-naped Antpitta
rufspi1,Rufous Spinetail
impsni1,Imperial Snipe
ocetap1,Ocellated Tapaculo
pabtin1,Pale-browed Tinamou
elecre1,Elegant Crescentchest
necspi1,Necklaced Spinetail
blbgro2,Black-backed Grosbeak
oribla1,Oriole Blackbird
bltfly1,Black-tailed Flycatcher
blcsal1,Black-cowled Saltator
olbwoo1,Olive-backed Woodcreeper
olipih2,Olivaceous Piha
spfpar1,Speckle-faced Parrot
duspih1,Dusky Piha
whtsco1,White-throated Screech-Owl
rubfly2,Rufous-breasted Flycatcher
rehtan2,Red-hooded Tanager
blaant4,Blackish Antbird
shtant1,Short-tailed Antthrush
brbscy1,Brown-billed Scythebill
strwoo4,Eastern Woodhaunter
eulfly1,Euler's Flycatcher
slcant2,Slate-crowned Antpitta
asbspi1,Ash-browed Spinetail
chbchl1,Chestnut-breasted Chlorophonia
bkther1,Black-throated Hermit
renwoo1,Red-necked Woodpecker
sooant1,Sooty Antbird
noccur1,Nocturnal Curassow
motowl,Mottled Owl
blctro1,Blue-crowned Trogon
ruwant3,Rusty-winged Antwren
webhum1,Geoffroy's Daggerbill
oretan1,Orange-eared Tanager
zigher1,Zigzag Heron
leabit,Least Bittern
blttro1,Black-tailed Trogon
cocant1,Cocha Antshrike
amasta1,Amazonian Streaked-Antwren
plaxen3,Amazonian Plain-Xenops
gowtof1,Golden-winged Tody-Flycatcher
kinvul1,King Vulture
chcpuf1,Chestnut-capped Puffbird
whbher1,White-bearded Hermit
blbpep1,Black-billed Peppershrike
galdov1,Galapagos Dove
plbthr2,Plumbeous-backed Thrush
greela,Greenish Elaenia
grhgul,Gray-hooded Gull
y00678,Crested Caracara
gywtru1,Gray-winged Trumpeter
grejac2,Great Jacamar
blbman1,Blue-backed Manakin
scrpih1,Screaming Piha
brofly1,Brownish Twistwing
grywaf1,Gray Warbler-Finch
smtfin1,Small Tree-Finch
savhaw1,Savanna Hawk
mouwar,Mourning Warbler
peakit1,Pearl Kite
buftuf3,Pacific Tuftedcheek
rnwrai1,Rufous-necked Wood-Rail
bkbtho1,Black-bellied Thorntail
amered,American Redstart
litwoo2,Little Woodpecker
mouant,Moustached Antwren
batbar1,Band-tailed Barbthroat
gybhaw2,Gray-backed Hawk
bkttro2,Ecuadorian Trogon
strxen1,Streaked Xenops
ochatt1,Ochraceous Attila
bubgro1,Blue-black Grosbeak
crahaw,Crane Hawk
whsant1,White-shouldered Antbird
bsbeye1,Black-spotted Bare-eye
stbwoo2,Straight-billed Woodcreeper
yecela1,Yellow-crowned Elaenia
grhtan1,Gray-headed Tanager
azugal1,Azure Gallinule
blaant5,Riparian Antbird
tabfly1,Tawny-breasted Flycatcher
cerwar,Cerulean Warbler
orfplu2,Orange-fronted Plushcrown
blcfru1,Black-chested Fruiteater
dbwqua1,Dark-backed Wood-Quail
rufgle1,Ruddy Foliage-gleaner
gybfly1,Gray-breasted Flycatcher
tafgna1,Tawny-faced Gnatwren
latnig1,Ladder-tailed Nightjar
grbcra1,Gray-breasted Crake
pielap1,Pied Plover
ruhwoo1,Rufous-headed Woodpecker
buwpar2,Riparian Parrotlet
casant1,Castelnau's Antshrike
whbspi1,White-bellied Spinetail
whrsir1,White-rumped Sirystes
rubnig1,Rufous-bellied Nighthawk
rubowl3,Rufous-banded Owl
jetant1,Jet Antbird
ocbdov1,Ochre-bellied Dove
chhoro1,Chestnut-headed Oropendola
salcur1,Salvin's Curassow
slchaw2,Slate-colored Hawk
purjac1,Purplish Jacamar
bertin1,Berlepsch's Tinamou
chopoo1,Choco Poorwill
ficbar1,Five-colored Barbet
dusant1,Dusky Antbird
sttant3,Stub-tailed Antbird
spoant1,Spotted Antbird
rutfly2,Ruddy-tailed Flycatcher
sttwre1,Stripe-throated Wren
whctan1,White-capped Tanager
giahum1,Giant Hummingbird
stbcan9,Streak-backed Canastero
andlap1,Andean Lapwing
bwgdov1,Black-winged Ground Dove
bkfibi2,Andean Ibis
antspi1,Andean Tit-Spinetail
blbpuf3,Black-breasted Puffleg
parpip1,Paramo Pipit
rubtap1,Rusty-belted Tapaculo
rurant1,Rufous-rumped Antwren
cogdov,Common Ground Dove
whevir,White-eyed Vireo
oligre1,Olivaceous Greenlet
sheowl,Short-eared Owl
chcbec1,Chestnut-crowned Becard
gymwre1,Gray-mantled Wren
atbtan1,Ashy-throated Chlorospingus
sbnthr1,Slaty-backed Nightingale-Thrush
rubsol1,Rufous-brown Solitaire
pavthr1,Pale-vented Thrush
aplfal,Aplomado Falcon
lobdow,Long-billed Dowitcher
whnpuf2,White-necked Puffbird
chcgna1,Chestnut-crowned Gnateater
blbtre1,Black-billed Treehunter
semhaw2,Semicollared Hawk
hanfly1,Handsome Flycatcher
lesela1,Lesser Elaenia
tabsco1,Tawny-bellied Screech-Owl
bawnig1,Band-winged Nightjar
sacnig1,Sand-colored Nighthawk
blftan1,Black-faced Tanager
ecupie1,Ecuadorian Piedtail
milmac,Military Macaw
barant2,Barred Antthrush
vabtyr1,Variegated Bristle-Tyrant
mocthi1,Mouse-colored Thistletail
blbcra1,Black-banded Crake
rfwqua1,Rufous-fronted Wood-Quail
bkbplo,Black-bellied Plover
wilpha,Wilson's Phalarope
wessan,Western Sandpiper
chifla1,Chilean Flamingo
blbcuc1,Black-bellied Cuckoo
cinhar1,Cinereous Harrier
drwtyr1,Drab Water Tyrant
whcswi1,White-chinned Swift
chccot1,Chestnut-crested Cotinga
bubtan1,Buff-bellied Tanager
siltan1,Silvery Tanager
whwpuf1,White-whiskered Puffbird
slaant1,Slaty Antwren
whcpuf1,White-chested Puffbird
olshum1,Olive-spotted Hummingbird
parspi1,Parker's Spinetail
sptfly1,Spotted Tody-Flycatcher
easkin,Eastern Kingbird
spwant3,Spot-winged Antbird
rucant2,Rufous-capped Antthrush
vartin1,Variegated Tinamou
rufpot1,Rufous Potoo
gybsab1,Gray-breasted Sabrewing
pavque1,Pavonine Quetzal
fasant1,Fasciated Antshrike
yebant3,Yellow-browed Antbird
amabaw1,Amazonian Barred-Woodcreeper
btfgle1,Ochre-throated Foliage-gleaner
wibwre1,Wing-banded Wren
wavalb,Waved Albatross
barpet,Band-rumped Storm-Petrel
marthr2,Marañon Thrush
gycwor1,Gray-cowled Wood-Rail
ecutyr1,Ecuadorian Tyrannulet
chbthr2,Chestnut-bellied Thrush
rerwoo1,Red-rumped Woodpecker
bkcspa1,Black-capped Sparrow
whnpar1,White-necked Parakeet
subfly,Sulphur-bellied Flycatcher
olioro1,Olive Oropendola
ragmac1,Red-and-green Macaw
spacoq1,Spangled Coquette
wibsee1,Wing-barred Seedeater
foosco1,Foothill Screech-Owl
bronun1,Brown Nunlet
clifly1,Cliff Flycatcher
chvcon1,Chestnut-vented Conebill
cowfin1,Collared Warbling Finch
ruftof1,Rusty-fronted Tody-Flycatcher
higtin1,Highland Tinamou
willet1,Willet
sooshe,Sooty Shearwater
mcgdov1,Maroon-chested Ground Dove
ruvwhi1,Rufous-vented Whitetip
mobela1,Mottle-backed Elaenia
whtsic1,White-tipped Sicklebill
whcman2,White-crowned Manakin
muswre2,Musician Wren
fooant1,Foothill Stipplethroat
pluhaw,Plumbeous Hawk
blswoo1,Black-striped Woodcreeper
bucman1,Velvety Manakin
ruwtan1,Rufous-winged Tanager
pabcra,Paint-billed Crake
galrai1,Galapagos Rail
fustan1,Fulvous Shrike-Tanager
ornant1,Ornate Stipplethroat
piepuf1,Pied Puffbird
potpal1,Point-tailed Palmcreeper
lessee2,Lesson's Seedeater
spfswi1,Spot-fronted Swift
bawhae1,Black-and-white Hawk-Eagle
roltyr1,White-fronted Tyrannulet
slafin1,Slaty Finch
dobant2,Dot-backed Antbird
crbwoo1,Crimson-bellied Woodpecker
barpuf1,Barred Puffbird
ygbtan1,Yellow-green Tanager
emetan1,Emerald Tanager
whwpar,White-winged Parakeet
grhowl,Great Horned Owl
vitmet1,Violet-throated Metaltail
orcfly1,Orange-crested Flycatcher
chovir1,Choco Vireo
varsch1,Varzea Schiffornis
olifin1,Olive Finch
woosto,Wood Stork
tanfin1,Tanager Finch
comnig,Common Nighthawk
ecupic1,Ecuadorian Piculet
wheori1,White-edged Oriole
whsant2,White-shouldered Antshrike
rufsco1,Rufescent Screech-Owl
persco1,Peruvian Screech-Owl
cooela1,Coopmans's Elaenia
latfin1,Large Tree-Finch
pacela1,Pacific Elaenia
tropew2,Tumbes Pewee
parsee1,Paramo Seedeater
rorfly1,Roraiman Flycatcher
wespuf1,Western Striolated-Puffbird
chttou3,Chestnut-tipped Toucanet
blbtan3,Blue-browed Tanager
swtnig1,Swallow-tailed Nightjar
sonwre1,Song Wren
vertan1,Vermilion Tanager
slabec1,Slaty Becard
rutsap1,Rufous-throated Sapphire
bbsfin1,Black-billed Seed-Finch
dabcuc1,Dark-billed Cuckoo
buffal1,Buckley's Forest-Falcon
yebant2,Yellow-breasted Antwren
rutfog1,Rufous-tailed Foliage-gleaner
fooela1,Foothill Elaenia
fuctan1,Fulvous-crested Tanager
blctyr1,Black-capped Tyrannulet
bkttro6,Amazonian Black-throated Trogon
putcot1,Purple-throated Cotinga
scrnig1,Scrub Nightjar
soalea1,South American Leaftosser
cibatt1,Citron-bellied Attila
flatre1,Flammulated Treehunter
bawwar,Black-and-white Warbler
tenwar,Tennessee Warbler
royfly1,Tropical Royal Flycatcher
cubtin1,Curve-billed Tinamou
ruwtyr1,Rufous-winged Tyrannulet
tabtin1,Tawny-breasted Tinamou
grflan1,Green-fronted Lancebill
partap4,Loja Tapaculo
bkefai1,Black-eared Fairy
shtstr1,Sharp-tailed Streamcreeper
btttyr1,Black-throated Tody-Tyrant
amtsun3,Amethyst-throated Sunangel
wrbfin1,White-rimmed Brushfinch
shtwoo1,Short-tailed Woodstar
rerfru1,Red-ruffed Fruitcrow
vegfin2,Vegetarian Finch
andpot1,Andean Potoo
andsis1,Andean Siskin
orbfly1,Orange-banded Flycatcher
ecutap1,Ecuadorian Tapaculo
hhfgle1,Henna-hooded Foliage-gleaner
supwre1,Superciliated Wren
thlsch2,Northern Schiffornis
drasee1,Drab Seedeater
eleter1,Elegant Tern
cocboo1,Cocos Booby
whcant1,White-cheeked Antbird
beajay1,Beautiful Jay
surfly1,Sulphur-rumped Flycatcher
versco2,Choco Screech-Owl
linwoo4,Duida Woodcreeper
sctlea1,Scaly-throated Leaftosser
tuffly,Tufted Flycatcher
whfnun2,White-faced Nunbird
blatin1,Black Tinamou
shbgrf2,Genovesa Ground-Finch
wilplo,Wilson's Plover
fietop1,Fiery Topaz
swfgle,Slaty-winged Foliage-gleaner
ecucac1,Ecuadorian Cacique
goppar1,Golden-plumed Parakeet
rungre1,Rufous-naped Greenlet
silgre1,Silvery Grebe
andsni1,Jameson's Snipe
norsho,Northern Shoveler
snoplo5,Snowy Plover
belgul,Belcher's Gull
blkski,Black Skimmer
watant1,Watkins's Antpitta
safsis1,Saffron Siskin
gencaf1,Genovesa Cactus-Finch
hoomoc1,Española Mockingbird
larcaf2,Española Ground-Finch
lesnig,Lesser Nighthawk
grytin1,Gray Tinamou
bicant4,Bicolored Antvireo
whsant4,White-streaked Antvireo
greoro1,Green Oropendola
fulant1,Fulvous Antshrike
blfant1,Black-faced Antthrush
blkter,Black Tern
bufpar1,Blue-fronted Parrotlet
liffal1,Lined Forest-Falcon
plwant2,Plain-winged Antwren
plctyr1,Plumbeous-crowned Tyrannulet
rubpic1,Rufous-breasted Piculet
yetspa1,Yellow-throated Spadebill
unicra1,Uniform Crake
shbhon2,Short-billed Honeycreeper
lewtyr1,Lesser Wagtail-Tyrant
santer1,Sandwich Tern
bkbcuc,Black-billed Cuckoo
pafswa1,Pale-footed Swallow
agitit1,Agile Tit-Tyrant
rubant7,Leymebamba Antpitta
litwoo5,Little Woodstar
zimant1,Zimmer's Antbird
jocant1,Jocotoco Antpitta
tacgre4,Rufous-fronted Greenlet
thbwar2,Three-banded Warbler
bltlea1,Black-tailed Leaftosser
gytpih1,Gray-tailed Piha
blapew1,Blackish Pewee
elopar1,El Oro Parakeet
pertyr1,Peruvian Tyrannulet
whbfin1,White-headed Brushfinch
chcswa2,Chestnut-collared Swallow
greman2,Green Manakin
perpel1,Peruvian Pelican
blusee4,Ecuadorian Seedeater
nebmet1,Neblina Metaltail
ruccra1,Russet-crowned Crake
higela2,Highland Elaenia
esmwoo2,Esmeraldas Woodstar
chaant1,Chapman's Antshrike
yebter2,Yellow-billed Tern
bubwre1,Buff-breasted Wren
pabsee1,Parrot-billed Seedeater
brufly1,Brujo Flycatcher
bkhant8,Black-hooded Antthrush
spwpar2,Spot-winged Parrotlet
ocewoo1,Ocellated Woodcreeper
rutfla1,Rufous-tailed Flatbill
bicant2,Bicolored Antbird
recman1,Red-capped Manakin
lestan,Lemon-spectacled Tanager
mamtan1,Masked Mountain Tanager
reswoo1,Red-stained Woodpecker
yetwoo1,Yellow-throated Woodpecker
gogwoo1,Golden-green Woodpecker
butsic1,Buff-tailed Sicklebill
rubsee1,Ruddy-breasted Seedeater
baisan,Baird's Sandpiper
gyhant1,Gray-headed Antbird
merlin,Merlin
barswi,Band-rumped Swift
chowoo1,Choco Woodpecker
litwoo1,Lita Woodpecker
spcant1,Spot-crowned Antvireo
chotap1,Choco Tapaculo
grnman1,Choco Manakin
whrfly,White-ringed Flycatcher
sltgna1,Slate-throated Gnatcatcher
goctan1,Golden-chested Tanager
sawtan1,Scarlet-and-white Tanager
scspar1,Scarlet-shouldered Parrotlet
cinmou1,Cinereous Mourner
redpha1,Red Phalarope
bawbec7,Black-and-white Becard
spbtyr1,Spectacled Bristle-Tyrant
metfin1,Medium Tree-Finch
tumhum1,Tumbes Hummingbird
stftyr1,Short-tailed Field Tyrant
gloibi,Glossy Ibis
whvplu1,White-vented Plumeleteer
cintea,Cinnamon Teal
grygul,Gray Gull
gubter2,Gull-billed Tern
comter,Common Tern
rnfgle1,Rufous-necked Foliage-gleaner
orcman3,Orange-crowned Manakin
whbpur1,White-browed Purpletuft
comblh1,Common Black Hawk
plurai1,Plumbeous Rail
cinant1,Cinereous Antshrike
orefly1,Orange-eyed Flatbill
lawthr1,Lawrence's Thrush
chbwre2,Northern Chestnut-breasted Wren
yebjac1,Yellow-billed Jacamar
bawtyr1,Black-and-white Tody-Flycatcher
croslf1,Crowned Slaty Flycatcher
dubpar1,Dusky-billed Parrotlet
fotfly,Fork-tailed Flycatcher
blhspi1,Blackish-headed Spinetail
sbgtyr1,Spot-billed Ground-Tyrant
rurfog1,Rufous-rumped Foliage-gleaner
moctyr6,Tumbesian Tyrannulet
tumspa1,Tumbes Sparrow
yebnun1,Yellow-billed Nunbird
chbgna1,Chestnut-belted Gnateater
gryela1,Choco Elaenia
shblea1,Short-billed Leaftosser
pecsan,Pectoral Sandpiper
surfbi,Surfbird
wilfly,Willow Flycatcher
orhtan1,Orange-headed Tanager
fuveup1,Fulvous-vented Euphonia
phbfin1,Pale-headed Brushfinch
chamoc1,Floreana Mockingbird
chwfog1,Chestnut-winged Foliage-gleaner
obfgle3,Olive-backed Foliage-gleaner
relpar10,Red-lored Amazon
refpar2,Red-faced Parrot
gocspa1,Golden-crowned Spadebill
lotpot1,Long-tailed Potoo
epaori1,Epaulet Oriole
stptyr1,Short-tailed Pygmy-Tyrant
jelcht1,Jelski's Chat-Tyrant
yetfly2,Yellow-throated Flycatcher
olehem1,Oleaginous Hemispingus
blcant3,Black-chinned Antbird
sapqud2,Sapphire Quail-Dove
hacant1,Hairy-crested Antbird
stisan,Stilt Sandpiper
moctyr4,Marañon Tyrannulet
orttan1,Orange-throated Tanager
leshor1,Lesser Hornero
bratea1,Brazilian Teal
marspi3,Marañon Spinetail
bawant1,Black-and-white Antbird
rivtyr1,River Tyrannulet
bkcspa2,Marañon Sparrow
rufnig1,Rufous Nightjar
ocecra1,Ocellated Crake
marcre1,Marañon Crescentchest
wtgfin1,Wedge-tailed Grass-Finch
ructho1,Rufous-capped Thornbill
grescy1,Greater Scythebill
hauthr1,Hauxwell's Thrush
scfpar3,Cordilleran Parakeet
arcter,Arctic Tern
ruttyr1,Rufous-tailed Tyrant
wbctyr1,White-browed Chat-Tyrant
rercac1,Red-rumped Cacique
bltcot1,Black-tipped Cotinga
soleag1,Solitary Eagle
bnrcot1,Black-necked Red-Cotinga
blcswa2,Black-collared Swallow
petkne1,Peruvian Thick-knee
redkno,Red Knot
crfant1,Crescent-faced Antpitta
pitbri1,Pink-throated Brilliant
tumtyr2,Tumbes Chat-Tyrant
crfgle1,Cinnamon-rumped Foliage-gleaner
rcatan1,Red-crowned Ant-Tanager
grtlea1,Gray-throated Leaftosser
amgplo,American Golden-Plover
whihaw1,White Hawk
btttyr2,Buff-throated Tody-Tyrant
lunant2,Lunulated Antbird
koesco1,Koepcke's Screech-Owl
whtnig1,White-tailed Nightjar
strowl1,Striped Owl
bufowl1,Buff-fronted Owl
barant1,Barred Antshrike
origoo1,Orinoco Goose
refpar3,Red-fan Parrot
blchaw1,Black-collared Hawk
fespar1,Festive Amazon
rudspi1,Ruddy Spinetail
jottyr1,Johannes's Tody-Tyrant
trogna1,Tropical Gnatcatcher
asbant1,Ash-breasted Antbird
plcspi1,Plain-crowned Spinetail
pebcon1,Pearly-breasted Conebill
ccfgle2,Chestnut-crowned Foliage-gleaner
blfhaw1,Black-faced Hawk
blabus1,Black Bushbird
yesgro2,Yellow-shouldered Grosbeak
tafqua1,Tawny-faced Quail
oceant1,Ocellated Antbird
perant1,Peruvian Antpitta
shtpar2,Short-tailed Parrot
whtwoo2,White-throated Woodpecker
peaant1,Pearly Antshrike
wtstyr1,White-tailed Shrike-Tyrant
cliswa,Cliff Swallow
gybhaw1,Gray-bellied Hawk
supowl1,Subtropical Pygmy-Owl
scbfru1,Scarlet-breasted Fruiteater
rubtyr1,Rufous-browed Tyrannulet
bwwwre1,Bar-winged Wood-Wren
sutfin1,Sulphur-throated Finch
tobhum1,Tooth-billed Hummingbird
roysun1,Royal Sunangel
wbptyr1,White-bellied Pygmy-Tyrant
smbela1,Small-billed Elaenia
gycthr,Gray-cheeked Thrush
pifshe,Pink-footed Shearwater
yebcra1,Yellow-breasted Crake
sabgul,Sabine's Gull
rubsti1,Rufous-backed Stipplethroat
whtthr2,Dagua Thrush
chbcot1,Chestnut-bellied Cotinga
gawtyr2,Gray-and-white Tyrannulet
colpuf1,Collared Puffbird
semhaw,Semiplumbeous Hawk
ducfog1,Dusky-cheeked Foliage-gleaner
rebtyr2,Red-billed Tyrannulet
obqdov1,Olive-backed Quail-Dove
dobgra1,Double-banded Graytail
rufpih1,Rufous Piha
spemou1,Speckled Mourner
fusfly1,Fuscous Flycatcher
equgra1,Equatorial Graytail
spepri1,Spectacled Prickletail
whrsan,White-rumped Sandpiper
rufmou1,Rufous Mourner
bagcuc1,Banded Ground-Cuckoo
sapayo1,Sapayoa
pacfla1,Pacific Flatbill
blfjac1,Bluish-fronted Jacamar
ocepoo1,Ocellated Poorwill
bcbfin1,Bay-crowned Brushfinch
spopuf1,Spotted Puffbird
andtin1,Andean Tinamou
stcant2,Streak-chested Antpitta
astgna1,Ash-throated Gnateater
sbffal1,Slaty-backed Forest-Falcon
prowar,Prothonotary Warbler
ligtyr1,Little Ground-Tyrant
scfpar2,Scarlet-fronted Parakeet
whthaw1,White-throated Hawk
spespi1,Speckled Spinetail
cinsco1,Cinnamon Screech-Owl
pinbit1,Pinnated Bittern
slbxen1,Slender-billed Xenops
balori,Baltimore Oriole
manfin1,Mangrove Finch
linsee1,Lined Seedeater
lyhvul1,Lesser Yellow-headed Vulture
moupuf1,Moustached Puffbird
bktflo1,Black-throated Flowerpiercer
risant1,Rio Suno Antwren
bkwvir,Black-whiskered Vireo
nobsni1,Noble Snipe
strant2,Striated Antbird
cartan2,Yellow-lored Tanager
wbgtyr1,White-browed Ground-Tyrant
strant3,Striated Antthrush
parjae,Parasitic Jaeger
lotjae,Long-tailed Jaeger
wetshe,Wedge-tailed Shearwater
pomjae,Pomarine Jaeger
masboo,Masked Booby
uplsan,Upland Sandpiper
tacgre2,Ochre-crowned Greenlet
banant2,Banded Antbird
sporai,Spotted Rail
amsfly1,Amazonian Scrub-Flycatcher
varfly,Variegated Flycatcher
soater1,South American Tern
slttro1,Slaty-tailed Trogon
tattin1,Tataupa Tinamou
pbgdov1,Plain-breasted Ground Dove
sooter1,Sooty Tern
bubsan,Buff-breasted Sandpiper
rutant3,Rufous-tailed Stipplethroat
shbgrf3,Sharp-beaked Ground-Finch
purmar,Purple Martin
embpuf1,Emerald-bellied Puffleg
rinant2,Ringed Antpipit
orcori,Orchard Oriole
thlsch8,Foothill Schiffornis
gnttan1,Green-throated Tanager
rwbeye1,Reddish-winged Bare-eye
yebcuc,Yellow-billed Cuckoo
shlcot2,Andean Laniisoma
perter2,Peruvian Tern
pershe2,Peruvian Sheartail
rwwrai1,Red-winged Wood-Rail
bbfgle1,Buff-browed Foliage-gleaner
wfspet,White-faced Storm-Petrel
massal1,Masked Saltator
slathr2,Andean Slaty Thrush
shbgrf1,Vampire Ground-Finch
incter1,Inca Tern
margod,Marbled Godwit
rucant3,Rufous-crowned Antpitta
lazsab1,Lazuline Sabrewing
phecuc1,Pheasant Cuckoo
thlsch3,Brown-winged Schiffornis
parpet1,Parkinson's Petrel
maspet,Markham's Storm-Petrel
cbttyr1,Cinnamon-breasted Tody-Tyrant
chsant1,Chestnut-shouldered Antwren
whmtyr1,White-headed Marsh Tyrant
swafly1,Swainson's Flycatcher
cinmat1,Cinnamon Manakin-Tyrant
bkctit1,Black-crested Tit-Tyrant
guacor1,Guanay Cormorant
briter1,Bridled Tern
brtplu1,Bronze-tailed Plumeleteer
whtkin1,White-throated Kingbird
broela1,Brownish Elaenia
thsfly2,Three-striped Flycatcher
creeag1,Crested Eagle
gyccuc,Gray-capped Cuckoo
slbmin1,Slender-billed Miner
scaibi,Scarlet Ibis
fescoq2,Butterfly Coquette
gregre1,Great Grebe
sosfly1,Southern Scrub-Flycatcher
whbdac1,White-bellied Dacnis
parjac1,Paradise Jacamar
conwar,Connecticut Warbler
bawtan1,Black-and-white Tanager
soumar,Southern Martin
swahaw,Swainson's Hawk
lotwoo5,Mournful Long-tailed Woodcreeper
wnbfin1,White-naped Brushfinch
bltant2,Black-throated Antbird
astcra1,Ash-throated Crake
grcfly,Great Crested Flycatcher
spetan1,Speckled Tanager
batoro1,Band-tailed Cacique
babwar,Bay-breasted Warbler
sharpb1,Sharpbill
chswar,Chestnut-sided Warbler
bicant3,Bicolored Antpitta
colcra2,Colombian Crake
whiter4,Blue-billed White-Tern
whcwoo1,White-chinned Woodcreeper
phivir,Philadelphia Vireo
blucot1,Blue Cotinga
scadov1,Scaled Dove
pavcuc1,Pavonine Cuckoo
wilsni1,Wilson's Snipe
blcjay2,Black-collared Jay
rivtyr2,Riverside Tyrant
slcsee1,Slate-colored Seedeater
calgul,California Gull
panfly1,Panama Flycatcher
piwtyr1,Pied Water-Tyrant
sarpar2,Sapphire-rumped Parrotlet
rutxen1,Rufous-tailed Xenops
norsla1,Northern Slaty-Antshrike
gowwar,Golden-winged Warbler
masduc,Masked Duck
easmea,Eastern Meadowlark
yetvir,Yellow-throated Vireo
palhor3,Pale-legged Hornero
grykin,Gray Kingbird
zittyr1,Zimmer's Tody-Tyrant
wibant1,Wing-banded Antbird
jetman2,Jet Manakin
hudgod,Hudsonian Godwit
bkspet,Black Storm-Petrel
ruffly1,Rufous Flycatcher
grecur1,Great Curassow
siryst3,Choco Sirystes
belkin1,Belted Kingfisher
stwqua1,Starred Wood-Quail
blbpuf1,Black-breasted Puffbird
tatdot1,Tawny-throated Dotterel
lcspet,Leach's Storm-Petrel
grnher,Green Heron
pictyr1,Piura Chat-Tyrant
perpig2,Peruvian Pigeon
whcspa1,White-crested Spadebill
andhil2,Green-headed Hillstar
punibi1,Puna Ibis
pagplo,Pacific Golden-Plover
amaant2,Amazonian Antshrike
larela1,Large Elaenia
salalb1,Salvin's Albatross
bkfibi1,Black-faced Ibis
ambtyr1,Amazonian Black-Tyrant
boboli,Bobolink
rvgcuc1,Rufous-vented Ground-Cuckoo
chiswi,Chimney Swift
lessca,Lesser Scaup
grysee1,Gray Seedeater
babwoo1,Bar-bellied Woodcreeper
slaela1,Slaty Elaenia
jabiru,Jabiru
biccon1,Bicolored Conebill
yebtea1,Yellow-billed Teal
caster1,Caspian Tern
capowl1,Central American Pygmy-Owl
bulalb2,Buller's Albatross
chaswi2,Chapman's Swift
whcpet1,White-chinned Petrel
rispet1,Ringed Storm-Petrel
cappet,Pintado Petrel
sopsku1,South Polar Skua
manshe,Manx Shearwater
relcor1,Red-legged Cormorant
blaoys1,Blackish Oystercatcher
blknod,Black Noddy
wispet,Wilson's Storm-Petrel
kerpet,Kermadec Petrel
manrai1,Mangrove Rail
chrshe,Christmas Shearwater
humsap2,Humboldt's Sapphire
brfgle1,Brown-rumped Foliage-gleaner
mallar3,Mallard
plffal1,Plumbeous Forest-Falcon
blkswi,Black Swift
lbbgul,Lesser Black-backed Gull
spthum2,Spot-throated Hummingbird
rucnun1,Rufous-capped Nunlet
brotin1,Brown Tinamou
dwacuc1,Dwarf Cuckoo
redegr,Reddish Egret
andfli1,Andean Flicker
rofpar3,Rose-fronted Parakeet
y00475,American Coot
norpin,Northern Pintail
pebcuc1,Pearly-breasted Cuckoo
sptwoo1,Spot-throated Woodcreeper
humpen1,Humboldt Penguin
bulshe,Buller's Shearwater
chtspi1,Chestnut-throated Spinetail
yehbla,Yellow-headed Blackbird
yebori1,Yellow-backed Oriole
batnig1,Band-tailed Nighthawk
btnwar,Black-throated Green Warbler
paebla2,Pale-eyed Blackbird
lobcur,Long-billed Curlew
ancant1,Ancient Antwren
litgul,Little Gull
wlswar,Wilson's Warbler
gnwtea,Green-winged Teal
soupoc1,Southern Pochard
leater1,Least Tern
dickci,Dickcissel
plasof1,Plain Softtail
rinduc,Ring-necked Duck
aswant1,Ash-winged Antwren
fitawl1,Fiery-tailed Awlbill
westan,Western Tanager
whrswa1,White-rumped Swallow
tumswa1,Tumbes Swallow
rettro,Red-tailed Tropicbird
slcant3,Slate-colored Antbird
amhgul1,American Herring Gull
pedpet1,Peruvian Diving-Petrel
bongul,Bonaparte's Gull
ruff,Ruff
lsspet,Least Storm-Petrel
bucsap1,Blue-chinned Sapphire
colgna1,Collared Gnatwren
dunlin,Dunlin
wbspet1,White-bellied Storm-Petrel
chisku1,Chilean Skua
flfshe,Flesh-footed Shearwater
blugrb1,Blue Grosbeak
ribgul,Ring-billed Gull
rubnun1,Rusty-breasted Nunlet
dutfla1,Dusky-tailed Flatbill
yeetou1,Yellow-eared Toucanet
retpip,Red-throated Pipit
goupet1,Gould's Petrel
leasee1,Least Seedsnipe
btbwar,Black-throated Blue Warbler
shtsan,Sharp-tailed Sandpiper
hootan1,Hooded Tanager
yeepar1,Yellow-eared Parrot
ameavo,American Avocet
cursan,Curlew Sandpiper
soasni2,Pantanal Snipe
dafgrt1,Dark-faced Ground-Tyrant
cedwax,Cedar Waxwing
dovpri1,Antarctic Prion
indbun,Indigo Bunting
bkfalb,Black-footed Albatross
blktur,Black Turnstone
reccar,Red-crested Cardinal
redjun,Red Junglefowl
gragoo,Graylag Goose
budger,Budgerigar
helgui,Helmeted Guineafowl
swagoo1,Swan Goose
chemun,Chestnut Munia
fislov1,Fischer's Lovebird
cockat,Cockatiel
yeclov,Yellow-collared Lovebird
commyn,Common Myna
eurgol,European Goldfinch
manduc,Mandarin Duck
javspa,Java Sparrow
wooduc,Wood Duck
compea,Indian Peafowl
rinphe1,Ring-necked Pheasant
yehbla2,Yellow-hooded Blackbird
yunwoo1,Yungas Long-tailed Woodcreeper (undescribed form)
x00868,Golden-fronted x Spectacled Redstart (hybrid)
mdxmal1,Muscovy Duck x Mallard (hybrid)
x00383,Buff-tailed x Velvet-purple Coronet (hybrid)
turdus1,Turdus sp.
dove1,pigeon/dove sp.
woodcr1,woodcreeper sp.
passer1,passerine sp.
frigat,frigatebird sp.
swift1,swift sp.
accipi,Accipitrine hawk sp. (former Accipiter sp.)
hermit1,hermit sp.
larmac1,large macaw sp.
larus,gull sp.
sporop1,Sporophila sp.
euphon1,euphonia sp.
hummin,hummingbird sp.
flycat1,new world flycatcher sp.
heron1,heron sp.
swallo,swallow sp.
pionus1,Pionus sp.
aracar1,aracari sp.
y00792,Scarlet/Red-and-green Macaw
woopew,Western/Eastern Wood-Pewee
parrot,parrot sp.
woodpe1,woodpecker sp.
reevir,Red-eyed/Chivi Vireo
bird1,bird sp.
elaeni1,elaenia sp. (genus Elaenia)
duck1,duck sp.
shoreb1,shorebird sp.
phalar,phalarope sp.
galfin1,galapagos finch sp.
patagi1,Patagioenas sp.
woodst1,woodstar sp.
oropen1,oropendola sp.
newtro1,new world trogon sp.
y00927,White-edged/Yellow-tailed Oriole
y00925,Summer/Scarlet Tanager
stormp2,storm-petrel sp. (white-rumped)
y00798,Rusty-margined/Social Flycatcher
violet1,violetear sp.
y00476,Lesser/Greater Yellowlegs
y00496,Western/Semipalmated Sandpiper
stopet,storm-petrel sp.
caciqu1,cacique sp.
y00498,Smooth-billed/Groove-billed Ani
diurap1,diurnal raptor sp.
tanage,tanager sp. (Thraupidae sp.)
bawbec1,Black-and-white/Cryptic Becard
amazon,amazon sp.
tinamo1,tinamou sp.
smaswi1,small swift sp.
finch1,finch sp.
y00684,Black-tailed/Green-tailed Trainbearer
brotog1,Brotogeris sp.
y00635,Red/Red-necked Phalarope
whiegr1,white egret sp.
hawk,hawk sp.
myiopa1,elaenia sp. (genus Myiopagis)
metalt1,metaltail sp.
wren1,wren sp.
nightj1,nightjar sp.
pewee1,pewee sp. (Contopus sp.)
y00857,Common Squirrel-Cuckoo/Black-bellied Cuckoo
owl1,owl sp.
tern1,tern sp.
pelica1,pelican sp.
manaki1,manakin sp.
chaetu,Chaetura sp.
y00474,Masked/Nazca Booby
parake,parakeet sp.
lartou1,large toucan sp.
flower1,flowerpiercer sp.
calidr1,Calidris sp.
y01203,Tumbesian/Marañon Tyrannulet
myiarc,Myiarchus sp.
foliag1,foliage-gleaner sp.
cypsel1,Cypseloides sp.
plover2,plover sp.
thrush1,thrush sp.
tapacu1,tapaculo sp.
calidr,peep sp.
leptot1,Leptotila sp.
empido,Empidonax sp.
cinclo1,cinclodes sp.
buteo,Buteo sp.
becard1,becard sp.
whimbr,Hudsonian/Eurasian Whimbrel
motmot1,motmot sp.
dowitc,Short-billed/Long-billed Dowitcher
sterna,Sterna sp.
vultur1,new world vulture sp.
yelwar,Northern/Mangrove Yellow Warbler
y00715,Black/Markham's Storm-Petrel
tityra1,tityra sp.
smafal,small falcon sp.
falcon,falcon sp.
y00685,Laughing/Franklin's Gull
rail1,rail/crake sp.
y00317,Common/Arctic Tern
bawcin1,bar-winged cinclodes sp.
y00787,Golden-headed/Crested Quetzal
scytal1,Scytalopus sp.
y00771,Striated/Green Heron
spinet1,spinetail sp.
chloro1,chlorospingus sp.
vireo1,vireo sp.
myiobi1,Myiobius sp.
cryptu1,Crypturellus sp.
xenops1,xenops sp.
forest1,forest-falcon sp.
larter1,large tern sp.
booby1,booby sp.
saltat1,saltator sp.
blucot2,blue cotinga sp.
teal,teal sp.
antshr1,antshrike sp.
cathar1,Cathartes sp.
nighth1,nighthawk sp.
shearw,shearwater sp.
dacnis1,dacnis sp.
conebi1,conebill sp.
epinec1,stipplethroat sp.
antwre1,antwren sp.
greenl1,greenlet sp.
antbir1,antbird sp.
horner1,hornero sp.
myrmot1,Myrmotherula sp.
martin1,new world martin sp. (Progne sp.)
thamno1,Thamnophilus sp.
gerano1,Geranoaetus sp.
y00324,Alder/Willow Flycatcher (Traill's Flycatcher)
kingfi1,kingfisher sp.
blackb,blackbird sp.
y00924,Hepatic/Summer Tanager
y00607,Streaked/Sulphur-bellied Flycatcher
jaeger,jaeger sp.
spinus1,Spinus sp.
y00699,Lesson's/Lined Seedeater
curass1,curassow sp.
aulaco1,Aulacorhynchus sp.
atlape1,Atlapetes sp.
relpar,Red-lored/Lilacine Amazon
tigerh1,tiger-heron sp.
geotry1,quail-dove sp.
campep1,Campephilus sp.
piculu1,Piculus sp.
sparro1,new world sparrow sp.
tringa1,Tringa sp.
y00316,Elegant/Royal Tern
catame1,Catamenia sp.
oriole,new world oriole sp.
y00689,Barred/Lined Forest-Falcon
tolmom1,Tolmomyias sp.
leafto1,leaftosser sp.
xiphor1,Xiphorhynchus sp.
domgoo1,Domestic goose sp. (Domestic type)
thraup3,Thraupidae sp.
snipe2,snipe sp.
woodqu1,wood-quail sp.
dabduc1,dabbling duck sp.
y00661,Little/Least Tern
thraup1,Thraupis sp.
columb1,Columba sp.
y00772,Mississippi/Plumbeous Kite
penelo1,Penelope sp.
larus1,Larus sp.
charad2,Charadrius/Thinornis sp.
stilpn1,Stilpnia sp.
cracid1,Cracidae sp.
phyllo3,Phyllomyias sp.
y00786,thorntail/coquette sp.
y00610,Yellow-crowned/Black-crowned Night Heron
buteog1,Buteogallus sp.
ibis1,ibis sp.
yebfly1,Olive-faced/Ochre-lored Flatbill
warble,new world warbler sp.
scythe1,scythebill sp.
y00834,Great Blue/Cocoi Heron
zimmer1,Zimmerius sp.
y00320,ground dove/Inca Dove
tangar1,small tanager sp. (former Tangara sp.)
larswi1,large swift sp.
celeus1,Celeus sp.
furnar1,furnariid sp.
moctyr1,Nesotriccus sp.
smaplo1,small plover sp.
strix1,Strix sp.
automo1,Automolus sp.
pipreo1,Pipreola sp.
chaeto1,Chaetocercus sp.
screec1,screech-owl sp.
y00945,Common/Great Black Hawk
whistl1,whistling-duck sp.
larsho1,large shorebird sp.
golplo,golden-plover sp.
potoo1,potoo sp.
y00738,Slender-billed/Streaked Xenops
pyrrhu1,Pyrrhura sp.
y00395,pygmy-owl/saw-whet owl sp.
y01126,Yellow-throated/Short-billed Chlorospingus
canast1,canastero sp.
larfal,large falcon sp.
tyrann1,Tyrannus sp.
noddy,Brown/Black Noddy
thalas1,Thalasseus sp.
newpic1,new world piculet sp.
tangar2,Tangara/Stilpnia sp.
gnatca1,gnatcatcher sp.
pterod,Pterodroma sp.
jacama1,jacamar sp.
pheuct1,Pheucticus sp.
hemitr1,Hemitriccus sp.
masyel1,masked yellowthroat sp.
y01068,Blue-black/Amazonian Grosbeak
ardea1,Ardea sp.
cinnyc1,Cinnycerthia sp.
diving1,diving-petrel sp.
grebe1,grebe sp.
yellow7,yellowthroat sp.
y00781,Plumbeous/Ruddy Pigeon
dendro3,Setophaga sp.
mionec1,Mionectes sp.
synall1,Synallaxis sp.
coccyz1,Coccyzus sp.
y00891,Rufous-browed/Black-billed Peppershrike
smatou1,small toucan sp.
tinamu1,Tinamus sp.
glauci1,Glaucidium sp.
y01145,Red-eyed/Yellow-green Vireo
bawshe1,small shearwater sp.
procel1,Procellaria sp.
cuckoo3,cuckoo sp. (Cuculidae sp.)
myiobo1,Myioborus sp.
forpus1,Forpus sp.
dryoco1,Dryocopus sp.
sierra1,sierra finch sp.
ixothr1,Ixothraupis sp. (speckled tanager sp.)
shrike1,shrike-tyrant sp.
y00862,Sparkling/Lesser Violetear
gyhbut1,Pink-billed/Black-billed Cnemoscopus
y00745,Purple/Southern Martin
todiro1,Todirostrum sp.
btpgua1,Blue-throated/White-throated Piping-Guan
woodwr1,wood-wren sp.
cathus,Catharus sp.
y00481,Long-tailed/Parasitic Jaeger
phoebe1,phoebe sp.
y00679,Campephilus sp./Lineated Woodpecker
jay1,jay sp.
asio1,Asio sp.
ground1,ground-tyrant sp.
y00479,Parasitic/Pomarine Jaeger
warant1,warbling-antbird sp.
y00939,Leach's/Townsend's/Ainley's Storm-Petrel
basile1,Basileuterus sp.
warvir,Eastern/Western Warbling Vireo
psitta2,Psittacara sp.
coopet1,Cookilaria petrel sp.
coot1,coot sp.
aratin,large parakeet sp. (former Aratinga sp.)
y00494,Black-bellied Plover/golden-plover sp.
procel2,procellariid sp.
y00796,Streak-necked/Olive-striped Flycatcher
gryhaw1,Gray/Gray-lined Hawk
yebkin2,yellow-bellied kingbird sp.
shbfin1,stripe-headed brushfinch sp.
ciccab1,neotropical Strix sp.
y00472,Galapagos/Hawaiian Petrel (Dark-rumped Petrel)
y00222,American/Pacific Golden-Plover (Lesser Golden-Plover)
plegad,Glossy/White-faced Ibis
strept2,Streptoprocne sp.
y00740,White-throated/Tropical Kingbird
pirang1,tanager sp. (Piranga sp.)
albatr1,albatross sp.
y00872,Barred/Plumbeous Forest-Falcon
stormp1,storm-petrel sp. (dark-rumped)
phyllo2,Phylloscartes sp.
philyd1,Philydor sp.
y00627,Bay-breasted/Blackpoll Warbler
antthr1,antthrush sp.
geospi1,Geospiza sp.
chatty1,chat-tyrant sp.
gralla1,Grallaria sp.
pheugo1,Pheugopedius sp.
y00698,Hooded/Olivaceous Siskin
y00321,Chimney/Vaux's Swift
myioth1,Myiothlypis sp.
pulsat1,Pulsatrix sp.
trokin4,Tropical Kingbird (South American)
flftan3,Flame-faced Tanager (Yellow-faced)
rucspa6,Rufous-collared Sparrow (Rufous-collared)
flrtan3,Flame-rumped Tanager (Lemon-rumped)
paltan3,Palm Tanager (Violaceous)
goltan4,Golden Tanager (aurulenta Group)
thswar6,Three-striped Warbler (daedalus)
tropar9,Tropical Parula (South American)
gontan2,Golden-naped Tanager (Golden-naped)
ruthum2,Rufous-tailed Hummingbird (Rufous-tailed)
brwhaw1,Broad-winged Hawk (Northern)
bncvir13,Brown-capped Vireo (Southern)
stbwoo7,Strong-billed Woodcreeper (Andean/Northern)
gybwow8,Gray-breasted Wood-Wren (Andean)
chcbrf1,Chestnut-capped Brushfinch (Chestnut-capped)
whwbrf1,White-winged Brushfinch (White-winged)
bawswa3,Blue-and-white Swallow (cyanoleuca)
buwmot1,Blue-winged Mountain Tanager (Blue-winged)
ornfly2,Ornate Flycatcher (Western)
sohwre5,Southern House Wren (North Andean)
gncwoo1,Crowned Woodnymph (Green-crowned)
sunbit5,Sunbittern (Northern)
spowoo3,Spotted Woodcreeper (Berlepsch's)
sctfog2,Scaly-throated Foliage-gleaner (Spot-breasted)
whtdov2,White-tipped Dove (decolor)
gnbman2,Black-throated Mango (Ecuadorian)
colara5,Pale-mandibled Aracari (Pale-billed)
goowoo4,Golden-olive Woodpecker (rubripileus)
comtof2,Common Tody-Flycatcher (sclateri)
yercac3,Yellow-rumped Cacique (Western)
bugtan1,Blue-gray Tanager (Blue-gray)
banana5,Bananaquit (Continental)

rudpig2,Ruddy Pigeon (Berlepsch's)
gyrswi4,Gray-rumped Swift (occidentalis)
hobkit1,Hook-billed Kite (Hook-billed)
roahaw3,Roadside Hawk (Northern)
brbmot2,Broad-billed Motmot (Broad-billed)
linwoo8,Lineated Woodpecker (Dusky-winged)
buhpar1,Blue-headed Parrot (Blue-headed)
rusant2,Russet Antshrike (Tawny)
dowant3,Dot-winged Antwren (Boucard's)
chbant4,Chestnut-backed Antbird (Short-tailed)
plbwoo2,Plain-brown Woodcreeper (Plain-brown)
webwoo2,Wedge-billed Woodcreeper (pectoralis Group)
norbaw1,Northern Barred-Woodcreeper (Western)
soubet17,Southern Beardless-Tyrannulet (Peruvian)
sohtyr2,Sooty-headed Tyrannulet (griseiceps)
bobfly4,Boat-billed Flycatcher (Tumbes)
lesgre3,Lesser Greenlet (Gray-headed)
baywre3,Bay Wren (South American)
orbspa2,Orange-billed Sparrow (aurantiirostris Group)
scrcac3,Scarlet-rumped Cacique (Pacific)
bahtan2,Bay-headed Tanager (Bay-and-blue)
saffin1,Saffron Finch (Saffron)
varsee4,Variable Seedeater (Variable)

squcuc5,Common Squirrel-Cuckoo (nigricrissa)
whtcra2,White-throated Crake (Rufous-faced)
chmtou1,Yellow-throated Toucan (Chestnut-mandibled)
matpar4,Maroon-tailed Parakeet (Choco)
immant4,Zeledon's Antbird (Choco)
scaant8,Scaled Antpitta (regulus/carmelitae)
slcfly4,Slaty-capped Flycatcher (transandinus)
bropyt1,Bronze-olive Pygmy-Tyrant (annectens/berlepschi)
ducfly5,Dusky-capped Flycatcher (nigriceps/atriceps)
scbwre3,Scaly-breasted Wren (Scaly)
gybwow2,Gray-breasted Wood-Wren (Choco)
andsol2,Andean Solitaire (plumbeiceps)
swathr2,Swainson's Thrush (Olive-backed)
yetbut2,Yellow-throated Chlorospingus (Yellow-throated)
olcyel3,Olive-crowned Yellowthroat (Olive-crowned)
slcshv1,Slaty-capped Shrike-Vireo (Pale-legged)